{
    "splines": [
        {
            "id": 1,
            "waypoints": [
                [
                    -0.26507161112429617,
                    -1.383891568113027e-05,
                    0.0500156779279277
                ],
                [
                    -0.26583122347368576,
                    0.008668569967665386,
                    0.0500156779279277
                ],
                [
                    -0.26808698008500076,
                    0.017087168250602306,
                    0.0500156779279277
                ],
                [
                    -0.27177034093507424,
                    0.024986161084318868,
                    0.0500156779279277
                ],
                [
                    -0.27676938896834724,
                    0.03212554156864583,
                    0.0500156779279277
                ],
                [
                    -0.2829322306399692,
                    0.03828838324026777,
                    0.0500156779279277
                ],
                [
                    -0.29007161112429614,
                    0.0432874312735408,
                    0.0500156779279277
                ],
                [
                    -0.2979706039580127,
                    0.04697079212361429,
                    0.0500156779279277
                ],
                [
                    -0.3063892022409496,
                    0.04922654873492927,
                    0.0500156779279277
                ],
                [
                    -0.31507161112429616,
                    0.04998616108431887,
                    0.0500156779279277
                ],
                [
                    -0.3237540200076427,
                    0.04922654873492927,
                    0.0500156779279277
                ],
                [
                    -0.3321726182905796,
                    0.0469707921236143,
                    0.0500156779279277
                ],
                [
                    -0.3400716111242961,
                    0.04328743127354081,
                    0.0500156779279277
                ],
                [
                    -0.3472109916086231,
                    0.03828838324026777,
                    0.0500156779279277
                ],
                [
                    -0.3533738332802451,
                    0.032125541568645846,
                    0.0500156779279277
                ],
                [
                    -0.3583728813135181,
                    0.02498616108431889,
                    0.0500156779279277
                ],
                [
                    -0.36205624216359156,
                    0.017087168250602313,
                    0.0500156779279277
                ],
                [
                    -0.36431199877490655,
                    0.008668569967665385,
                    0.0500156779279277
                ],
                [
                    -0.36507161112429615,
                    -1.3838915681124146e-05,
                    0.0500156779279277
                ],
                [
                    -0.36431199877490655,
                    -0.008696247799027631,
                    0.0500156779279277
                ],
                [
                    -0.36205624216359156,
                    -0.017114846081964563,
                    0.0500156779279277
                ],
                [
                    -0.3583728813135181,
                    -0.02501383891568114,
                    0.0500156779279277
                ],
                [
                    -0.3533738332802451,
                    -0.03215321940000808,
                    0.0500156779279277
                ],
                [
                    -0.3472109916086231,
                    -0.03831606107163003,
                    0.0500156779279277
                ],
                [
                    -0.3400716111242962,
                    -0.04331510910490305,
                    0.0500156779279277
                ],
                [
                    -0.3321726182905796,
                    -0.04699846995497656,
                    0.0500156779279277
                ],
                [
                    -0.3237540200076427,
                    -0.04925422656629153,
                    0.0500156779279277
                ],
                [
                    -0.31507161112429616,
                    -0.05001383891568113,
                    0.0500156779279277
                ],
                [
                    -0.3063892022409497,
                    -0.04925422656629154,
                    0.0500156779279277
                ],
                [
                    -0.2979706039580127,
                    -0.04699846995497655,
                    0.0500156779279277
                ],
                [
                    -0.2900716111242962,
                    -0.043315109104903084,
                    0.0500156779279277
                ],
                [
                    -0.2829322306399692,
                    -0.03831606107163004,
                    0.0500156779279277
                ],
                [
                    -0.27676938896834724,
                    -0.032153219400008114,
                    0.0500156779279277
                ],
                [
                    -0.27177034093507424,
                    -0.025013838915681114,
                    0.0500156779279277
                ],
                [
                    -0.26808698008500076,
                    -0.01711484608196456,
                    0.0500156779279277
                ],
                [
                    -0.26583122347368576,
                    -0.00869624779902765,
                    0.0500156779279277
                ],
                [
                    -0.26507161112429617,
                    -1.3838915681142517e-05,
                    0.0500156779279277
                ]
            ]
        }
    ]
}