{
    "splines": [
        {
            "id": 1,
            "waypoints": [
                [
                    0.052069547644558845,
                    0.34563401820892325,
                    0.024755364636796798
                ],
                [
                    0.051309935295169244,
                    0.3543164270922698,
                    0.024755364636796798
                ],
                [
                    0.04905417868385427,
                    0.3627350253752067,
                    0.024755364636796798
                ],
                [
                    0.04537081783378078,
                    0.3706340182089233,
                    0.024755364636796798
                ],
                [
                    0.040371769800507745,
                    0.3777733986932502,
                    0.024755364636796798
                ],
                [
                    0.03420892812888581,
                    0.38393624036487217,
                    0.024755364636796798
                ],
                [
                    0.02706954764455885,
                    0.3889352883981452,
                    0.024755364636796798
                ],
                [
                    0.019170554810842285,
                    0.39261864924821865,
                    0.024755364636796798
                ],
                [
                    0.010751956527905364,
                    0.39487440585953365,
                    0.024755364636796798
                ],
                [
                    0.002069547644558845,
                    0.39563401820892324,
                    0.024755364636796798
                ],
                [
                    -0.006612861238787673,
                    0.39487440585953365,
                    0.024755364636796798
                ],
                [
                    -0.015031459521724584,
                    0.39261864924821865,
                    0.024755364636796798
                ],
                [
                    -0.02293045235544115,
                    0.3889352883981452,
                    0.024755364636796798
                ],
                [
                    -0.030069832839768128,
                    0.38393624036487217,
                    0.024755364636796798
                ],
                [
                    -0.036232674511390055,
                    0.3777733986932502,
                    0.024755364636796798
                ],
                [
                    -0.041231722544663084,
                    0.3706340182089233,
                    0.024755364636796798
                ],
                [
                    -0.04491508339473658,
                    0.3627350253752067,
                    0.024755364636796798
                ],
                [
                    -0.04717084000605156,
                    0.3543164270922698,
                    0.024755364636796798
                ],
                [
                    -0.04793045235544116,
                    0.34563401820892325,
                    0.024755364636796798
                ],
                [
                    -0.04717084000605157,
                    0.3369516093255768,
                    0.024755364636796798
                ],
                [
                    -0.044915083394736585,
                    0.3285330110426398,
                    0.024755364636796798
                ],
                [
                    -0.04123172254466309,
                    0.32063401820892323,
                    0.024755364636796798
                ],
                [
                    -0.036232674511390076,
                    0.3134946377245963,
                    0.024755364636796798
                ],
                [
                    -0.030069832839768135,
                    0.30733179605297434,
                    0.024755364636796798
                ],
                [
                    -0.02293045235544118,
                    0.30233274801970134,
                    0.024755364636796798
                ],
                [
                    -0.015031459521724588,
                    0.29864938716962786,
                    0.024755364636796798
                ],
                [
                    -0.006612861238787675,
                    0.29639363055831286,
                    0.024755364636796798
                ],
                [
                    0.0020695476445588327,
                    0.29563401820892327,
                    0.024755364636796798
                ],
                [
                    0.010751956527905341,
                    0.29639363055831286,
                    0.024755364636796798
                ],
                [
                    0.019170554810842292,
                    0.29864938716962786,
                    0.024755364636796798
                ],
                [
                    0.02706954764455881,
                    0.3023327480197013,
                    0.024755364636796798
                ],
                [
                    0.034208928128885804,
                    0.30733179605297434,
                    0.024755364636796798
                ],
                [
                    0.04037176980050773,
                    0.3134946377245963,
                    0.024755364636796798
                ],
                [
                    0.04537081783378079,
                    0.3206340182089233,
                    0.024755364636796798
                ],
                [
                    0.04905417868385427,
                    0.3285330110426398,
                    0.024755364636796798
                ],
                [
                    0.051309935295169244,
                    0.3369516093255767,
                    0.024755364636796798
                ],
                [
                    0.052069547644558845,
                    0.34563401820892325,
                    0.024755364636796798
                ]
            ]
        }
    ]
}