{
    "splines": [
        {
            "id": 1,
            "waypoints": [
                [
                    -0.2650716111242959,
                    -1.3838915680935981e-05,
                    0.05001567792792881
                ],
                [
                    -0.2658312234736855,
                    0.00866856996766558,
                    0.05001567792792881
                ],
                [
                    -0.2680869800850004,
                    0.0170871682506025,
                    0.05001567792792881
                ],
                [
                    -0.27177034093507396,
                    0.024986161084319062,
                    0.05001567792792881
                ],
                [
                    -0.27676938896834696,
                    0.03212554156864603,
                    0.05001567792792881
                ],
                [
                    -0.2829322306399689,
                    0.03828838324026797,
                    0.05001567792792881
                ],
                [
                    -0.29007161112429586,
                    0.043287431273541,
                    0.05001567792792881
                ],
                [
                    -0.29797060395801245,
                    0.046970792123614484,
                    0.05001567792792881
                ],
                [
                    -0.30638920224094934,
                    0.049226548734929466,
                    0.05001567792792881
                ],
                [
                    -0.3150716111242959,
                    0.04998616108431907,
                    0.05001567792792881
                ],
                [
                    -0.3237540200076424,
                    0.049226548734929466,
                    0.05001567792792881
                ],
                [
                    -0.3321726182905793,
                    0.04697079212361449,
                    0.05001567792792881
                ],
                [
                    -0.34007161112429585,
                    0.043287431273541004,
                    0.05001567792792881
                ],
                [
                    -0.34721099160862284,
                    0.03828838324026797,
                    0.05001567792792881
                ],
                [
                    -0.3533738332802448,
                    0.03212554156864604,
                    0.05001567792792881
                ],
                [
                    -0.3583728813135178,
                    0.024986161084319083,
                    0.05001567792792881
                ],
                [
                    -0.3620562421635913,
                    0.017087168250602507,
                    0.05001567792792881
                ],
                [
                    -0.3643119987749063,
                    0.008668569967665579,
                    0.05001567792792881
                ],
                [
                    -0.36507161112429587,
                    -1.3838915680929857e-05,
                    0.05001567792792881
                ],
                [
                    -0.3643119987749063,
                    -0.008696247799027437,
                    0.05001567792792881
                ],
                [
                    -0.36205624216359134,
                    -0.01711484608196437,
                    0.05001567792792881
                ],
                [
                    -0.3583728813135178,
                    -0.025013838915680944,
                    0.05001567792792881
                ],
                [
                    -0.3533738332802448,
                    -0.032153219400007885,
                    0.05001567792792881
                ],
                [
                    -0.34721099160862284,
                    -0.03831606107162983,
                    0.05001567792792881
                ],
                [
                    -0.3400716111242959,
                    -0.043315109104902855,
                    0.05001567792792881
                ],
                [
                    -0.3321726182905793,
                    -0.04699846995497636,
                    0.05001567792792881
                ],
                [
                    -0.3237540200076424,
                    -0.04925422656629134,
                    0.05001567792792881
                ],
                [
                    -0.3150716111242959,
                    -0.05001383891568094,
                    0.05001567792792881
                ],
                [
                    -0.3063892022409494,
                    -0.049254226566291345,
                    0.05001567792792881
                ],
                [
                    -0.29797060395801245,
                    -0.046998469954976356,
                    0.05001567792792881
                ],
                [
                    -0.2900716111242959,
                    -0.04331510910490289,
                    0.05001567792792881
                ],
                [
                    -0.2829322306399689,
                    -0.038316061071629846,
                    0.05001567792792881
                ],
                [
                    -0.276769388968347,
                    -0.03215321940000792,
                    0.05001567792792881
                ],
                [
                    -0.2717703409350739,
                    -0.02501383891568092,
                    0.05001567792792881
                ],
                [
                    -0.2680869800850004,
                    -0.017114846081964365,
                    0.05001567792792881
                ],
                [
                    -0.2658312234736855,
                    -0.008696247799027456,
                    0.05001567792792881
                ],
                [
                    -0.2650716111242959,
                    -1.3838915680948228e-05,
                    0.05001567792792881
                ]
            ]
        }
    ]
}