{
    "splines": [
        {
            "id": 1,
            "waypoints": [
                [
                    0.051861779817585746,
                    0.2969530187407834,
                    0.0960005610853665
                ],
                [
                    0.051102167468196145,
                    0.30563542762412993,
                    0.0960005610853665
                ],
                [
                    0.04884641085688117,
                    0.3140540259070668,
                    0.0960005610853665
                ],
                [
                    0.04516305000680768,
                    0.3219530187407834,
                    0.0960005610853665
                ],
                [
                    0.040164001973534647,
                    0.32909239922511035,
                    0.0960005610853665
                ],
                [
                    0.03400116030191271,
                    0.3352552408967323,
                    0.0960005610853665
                ],
                [
                    0.02686177981758575,
                    0.3402542889300053,
                    0.0960005610853665
                ],
                [
                    0.018962786983869186,
                    0.3439376497800788,
                    0.0960005610853665
                ],
                [
                    0.010544188700932265,
                    0.3461934063913938,
                    0.0960005610853665
                ],
                [
                    0.001861779817585746,
                    0.3469530187407834,
                    0.0960005610853665
                ],
                [
                    -0.006820629065760772,
                    0.3461934063913938,
                    0.0960005610853665
                ],
                [
                    -0.015239227348697683,
                    0.3439376497800788,
                    0.0960005610853665
                ],
                [
                    -0.023138220182414248,
                    0.3402542889300053,
                    0.0960005610853665
                ],
                [
                    -0.030277600666741226,
                    0.3352552408967323,
                    0.0960005610853665
                ],
                [
                    -0.03644044233836315,
                    0.32909239922511035,
                    0.0960005610853665
                ],
                [
                    -0.04143949037163618,
                    0.3219530187407834,
                    0.0960005610853665
                ],
                [
                    -0.04512285122170968,
                    0.3140540259070668,
                    0.0960005610853665
                ],
                [
                    -0.04737860783302466,
                    0.30563542762412993,
                    0.0960005610853665
                ],
                [
                    -0.04813822018241426,
                    0.2969530187407834,
                    0.0960005610853665
                ],
                [
                    -0.047378607833024666,
                    0.2882706098574369,
                    0.0960005610853665
                ],
                [
                    -0.045122851221709684,
                    0.27985201157449996,
                    0.0960005610853665
                ],
                [
                    -0.04143949037163619,
                    0.27195301874078337,
                    0.0960005610853665
                ],
                [
                    -0.036440442338363174,
                    0.26481363825645643,
                    0.0960005610853665
                ],
                [
                    -0.030277600666741233,
                    0.2586507965848345,
                    0.0960005610853665
                ],
                [
                    -0.02313822018241428,
                    0.2536517485515615,
                    0.0960005610853665
                ],
                [
                    -0.015239227348697686,
                    0.24996838770148797,
                    0.0960005610853665
                ],
                [
                    -0.0068206290657607735,
                    0.247712631090173,
                    0.0960005610853665
                ],
                [
                    0.001861779817585734,
                    0.2469530187407834,
                    0.0960005610853665
                ],
                [
                    0.010544188700932242,
                    0.247712631090173,
                    0.0960005610853665
                ],
                [
                    0.018962786983869193,
                    0.24996838770148797,
                    0.0960005610853665
                ],
                [
                    0.02686177981758571,
                    0.2536517485515614,
                    0.0960005610853665
                ],
                [
                    0.034001160301912706,
                    0.2586507965848345,
                    0.0960005610853665
                ],
                [
                    0.04016400197353463,
                    0.26481363825645643,
                    0.0960005610853665
                ],
                [
                    0.04516305000680769,
                    0.2719530187407834,
                    0.0960005610853665
                ],
                [
                    0.04884641085688117,
                    0.27985201157449996,
                    0.0960005610853665
                ],
                [
                    0.051102167468196145,
                    0.28827060985743685,
                    0.0960005610853665
                ],
                [
                    0.051861779817585746,
                    0.2969530187407834,
                    0.0960005610853665
                ]
            ]
        }
    ]
}